# Time (s), Altitude AGL (m), Speed - Velocity Magnitude (m/s), ω1 (rad/s), ω2 (rad/s), ω3 (rad/s), Ax (m/s²), Ay (m/s²), Az (m/s²)
0.000000,0.000000,0.000000,0.000000,0.000000,0.000000,0.000000,6.205319,70.927120
0.006956,0.003432,0.495304,0.000000,0.000000,-0.000000,0.000000,6.206209,70.937293
0.013911,0.010297,0.990679,0.000000,0.000000,0.000000,0.000000,6.207094,70.947410
0.027823,0.030892,1.981569,-0.000000,0.000000,0.000000,0.000000,6.208848,70.967457
0.041734,0.065222,2.972737,-0.000000,0.000000,-0.000000,0.000000,6.210581,70.987264
0.055646,0.113289,3.964180,0.000000,0.000000,0.000000,-0.000000,6.212293,71.006833
0.194760,1.350330,13.892959,0.000000,0.000000,-0.000000,0.000000,6.228179,71.188411
0.328935,3.848572,23.491615,0.000000,0.000000,0.000000,-0.000000,6.241462,71.340237
0.332321,3.928640,23.734161,0.000754,-0.000349,-0.000000,-0.050862,7.230840,71.263261
0.335708,4.009525,23.976720,0.001514,-0.000702,-0.000000,-0.051252,7.232107,71.266676
0.342481,4.172930,24.461862,0.003049,-0.001412,-0.000000,-0.051871,7.234207,71.273626
0.349254,4.339605,24.947053,0.004611,-0.002134,-0.000000,-0.052164,7.235411,71.280587
0.356026,4.509549,25.432294,0.006199,-0.002868,0.000000,-0.052126,7.235691,71.287450
0.416320,6.166588,29.754076,0.021453,-0.009870,0.000000,-0.036154,7.195584,71.350541
0.476613,8.083011,34.079324,0.038522,-0.017616,0.000000,0.011085,7.070962,71.416164
0.536907,10.259055,38.407696,0.057021,-0.025910,-0.000000,0.093647,6.852213,71.485026
0.597201,12.694970,42.738806,0.076406,-0.034486,-0.000000,0.214950,6.531643,71.556670
0.657494,15.391016,47.072203,0.095953,-0.042999,-0.000000,0.377392,6.104478,71.629750
0.668933,15.931884,47.894544,0.099608,-0.044574,-0.000000,0.412980,6.011228,71.643769
0.680372,16.482125,48.716947,0.103230,-0.046128,-0.000000,0.450091,5.914110,71.657780
0.691810,17.041743,49.539406,0.106810,-0.047658,-0.000000,0.488698,5.813188,71.671567
0.714688,18.189116,51.184473,0.113813,-0.050631,0.000000,0.570472,5.599854,71.698945
0.737565,19.374014,52.829718,0.120558,-0.053466,0.000000,0.658209,5.371611,71.726167
0.760443,20.596452,54.475106,0.126978,-0.056133,-0.000000,0.751776,5.128890,71.752773
0.798548,22.715936,57.215920,0.136779,-0.060126,-0.000000,0.920073,4.693999,71.794810
0.836653,24.939668,59.956844,0.145140,-0.063415,0.000000,1.102840,4.224284,71.834177
0.874759,27.267703,62.697712,0.151725,-0.065853,0.000000,1.298345,3.724707,71.869207
0.912864,29.700091,65.438331,0.156183,-0.067291,0.000000,1.504457,3.201365,71.899328
0.942485,31.663037,67.568481,0.157963,-0.067627,0.000000,1.670242,2.783043,71.919075
0.972106,33.689085,69.698295,0.158107,-0.067213,0.000000,1.839307,2.358977,71.934705
1.001728,35.778250,71.827697,0.156483,-0.065996,0.000000,2.009945,1.933853,71.946769
1.031349,37.930542,73.956631,0.152980,-0.063936,0.000000,2.180248,1.512751,71.954742
1.087110,42.153435,77.962821,0.141009,-0.057672,0.000000,2.492890,0.749697,71.959358
1.142870,46.600065,81.966990,0.121897,-0.048255,-0.000000,2.783757,0.058218,71.951619
1.198631,51.270411,85.969187,0.095790,-0.035975,-0.000000,3.042419,-0.522956,71.934727
1.254392,56.164419,89.969719,0.063087,-0.021647,-0.000000,3.246680,-0.953582,71.912440
1.310153,61.282021,93.969095,0.025496,-0.006041,-0.000000,3.378163,-1.199315,71.888172
1.331758,63.325010,95.518549,0.010103,0.000123,-0.000000,3.406418,-1.239206,71.879583
1.353364,65.401553,97.067977,-0.005502,0.006247,-0.000000,3.420929,-1.246638,71.871213
1.374969,67.511645,98.617417,-0.021141,0.012252,-0.000000,3.421219,-1.221095,71.863517
1.396575,69.655282,100.166902,-0.036619,0.018059,-0.000000,3.406885,-1.162378,71.855522
1.438282,73.888277,103.158285,-0.065284,0.028408,-0.000000,3.337421,-0.956640,71.841355
1.479990,78.246243,106.150100,-0.091065,0.037129,-0.000000,3.213718,-0.635518,71.827399
1.521698,82.729154,109.142382,-0.112436,0.043663,-0.000000,3.039381,-0.212665,71.810571
1.563405,87.336982,112.135019,-0.127976,0.047526,-0.000000,2.821101,0.291726,71.789997
1.605113,92.069690,115.127818,-0.136495,0.048359,-0.000000,2.568761,0.850756,71.763813
1.620892,93.892723,116.260033,-0.137698,0.047837,-0.000000,2.466907,1.070030,71.751482
1.636671,95.733620,117.392197,-0.137743,0.046849,-0.000000,2.362749,1.290670,71.738343
1.652450,97.592378,118.524293,-0.136610,0.045396,-0.000000,2.257097,1.510709,71.724056
1.668229,99.468994,119.656297,-0.134292,0.043483,-0.000000,2.150813,1.728140,71.708809
1.704750,103.880984,122.275910,-0.124462,0.037380,-0.000000,1.907283,2.210308,71.670162
1.734334,107.525034,124.397323,-0.112092,0.030847,-0.000000,1.718694,2.565521,71.635021
1.758916,110.600676,126.159532,-0.099057,0.024482,-0.000000,1.572529,2.826652,71.604071
1.783499,113.719589,127.921187,-0.083825,0.017422,-0.000000,1.439514,3.049611,71.572519
1.803465,116.284649,129.351584,-0.070081,0.011293,-0.000000,1.343303,3.198404,71.546843
1.823431,118.878232,130.781559,-0.055354,0.004924,-0.000000,1.259297,3.315299,71.521391
1.843397,121.500326,132.211083,-0.039899,-0.001574,-0.000000,1.188810,3.398020,71.495516
1.863363,124.150921,133.640136,-0.023996,-0.008081,-0.000000,1.132886,3.445023,71.470406
1.888986,127.594179,135.473325,-0.003408,-0.016247,-0.000000,1.083818,3.451339,71.438975
1.914608,131.084338,137.305677,0.016772,-0.023962,-0.000000,1.061277,3.396520,71.408864
1.940231,134.621379,139.137168,0.035865,-0.030962,-0.000000,1.065429,3.282275,71.379996
1.965854,138.205281,140.967754,0.053202,-0.037001,-0.000000,1.095504,3.112351,71.350420
1.991476,141.836025,142.797379,0.068156,-0.041855,-0.000000,1.149888,2.892463,71.321069
2.023123,146.385010,145.055757,0.082512,-0.045946,-0.000000,1.246724,2.563524,71.284008
2.054769,151.005386,147.312485,0.091518,-0.047696,-0.000000,1.369995,2.188492,71.244860
2.086416,155.697113,149.567430,0.094582,-0.046976,-0.000000,1.511257,1.788781,71.201234
2.112398,159.602300,151.417303,0.092461,-0.044543,-0.000000,1.633748,1.459108,71.162789
2.138379,163.555526,153.265834,0.086204,-0.040539,-0.000000,1.755781,1.142778,71.121687
2.164361,167.556762,155.112989,0.076047,-0.035126,-0.000000,1.871298,0.853340,71.078207
2.190343,171.605979,156.958737,0.062406,-0.028528,-0.000000,1.974297,0.603597,71.031442
2.216325,175.703145,158.803065,0.045865,-0.021036,-0.000000,2.059303,0.404729,70.982728
2.250374,181.145105,161.217971,0.021042,-0.010428,0.000000,2.135428,0.236390,70.917216
2.284424,186.669283,163.630552,-0.005511,0.000283,-0.000000,2.163859,0.185319,70.850562
2.318473,192.275603,166.040925,-0.031599,0.010207,-0.000000,2.139883,0.256047,70.782802
2.345959,196.860979,167.985057,-0.050799,0.017062,-0.000000,2.082011,0.398040,70.725586
2.373444,201.499784,169.927799,-0.067154,0.022458,-0.000000,1.991774,0.607584,70.667078
2.400929,206.191974,171.869140,-0.079713,0.026079,-0.000000,1.873077,0.872605,70.606615
2.428415,210.937504,173.809057,-0.087727,0.027706,-0.000000,1.731632,1.177401,70.543874
2.455900,215.736325,175.747505,-0.090710,0.027240,-0.000000,1.574716,1.503375,70.478639
2.483385,220.588388,177.684402,-0.088486,0.024715,-0.000000,1.410785,1.830073,70.410029
2.510871,225.493643,179.619636,-0.081216,0.020296,-0.000000,1.248766,2.136897,70.338075
2.538356,230.452034,181.553096,-0.069399,0.014280,0.000000,1.097787,2.403952,70.264210
2.565841,235.463506,183.484686,-0.053849,0.007075,0.000000,0.966325,2.613725,70.188835
2.604524,242.606326,186.199816,-0.027764,-0.004109,0.000000,0.828081,2.786022,70.081241
2.643206,249.854009,188.910856,-0.000122,-0.015098,0.000000,0.756793,2.795871,69.973959
2.673600,255.622219,191.038020,0.020087,-0.022565,0.000000,0.751116,2.689434,69.889646
2.703993,261.454993,193.162459,0.036969,-0.028274,0.000000,0.787547,2.493722,69.805740
2.734387,267.352252,195.284090,0.049003,-0.031720,0.000000,0.859795,2.228076,69.721047
2.764781,273.313919,197.402829,0.055105,-0.032605,0.000000,0.958090,1.918736,69.634575
2.795175,279.339912,199.518576,0.054754,-0.030877,0.000000,1.069958,1.596609,69.544463
2.825569,285.430150,201.631218,0.048067,-0.026745,0.000000,1.181443,1.294168,69.450010
2.855963,291.584545,203.740672,0.035818,-0.020667,0.000000,1.278406,1.042501,69.351998
2.886357,297.803006,205.846891,0.019370,-0.013309,0.000000,1.348084,0.867580,69.250177
2.916750,304.085438,207.949860,0.000541,-0.005477,0.000000,1.380542,0.787367,69.144919
2.947144,310.431746,210.049568,-0.018582,0.001968,0.000000,1.369821,0.809549,69.035915
2.977538,316.841827,212.146004,-0.035876,0.008205,0.000000,1.314759,0.930483,68.924218
3.007932,323.315580,214.239157,-0.049415,0.012548,0.000000,1.219216,1.135198,68.809386
3.038326,329.852898,216.328985,-0.057711,0.014532,0.000000,1.091827,1.398784,68.690926
3.068720,336.453671,218.415394,-0.059895,0.013968,0.000000,0.944982,1.689279,68.567634
3.099114,343.117786,220.498262,-0.055841,0.010981,0.000000,0.793622,1.971207,68.441619
3.129508,349.845127,222.577474,-0.046196,0.005992,0.000000,0.653241,2.210054,68.313274
3.159901,356.635574,224.652924,-0.032307,-0.000326,0.000000,0.538008,2.376663,68.183572
3.190295,363.489007,226.724497,-0.016062,-0.007131,0.000000,0.458789,2.451196,68.052239
3.220689,370.405306,228.792078,0.000349,-0.013522,0.000000,0.421771,2.425961,67.920641
3.251083,377.384350,230.855569,0.014730,-0.018660,0.000000,0.427455,2.306629,67.789061
3.281477,384.426016,232.914886,0.025182,-0.021883,0.000000,0.470510,2.111680,67.656572
3.311871,391.530182,234.969920,0.030368,-0.022801,0.000000,0.540379,1.870120,67.520475
3.342265,398.696723,237.020589,0.029707,-0.021356,0.000000,0.622752,1.617604,67.384518
3.372658,405.925517,239.067179,0.023473,-0.017830,0.000000,0.701692,1.391700,67.270266
3.403052,413.216451,241.110060,0.012753,-0.012807,0.000000,0.761526,1.224923,67.153684
3.433446,420.569418,243.149368,-0.000704,-0.007092,0.000000,0.789741,1.141174,67.035084
3.463840,427.984313,245.185035,-0.014753,-0.001580,0.000000,0.778756,1.151475,66.914052
3.494234,435.461025,247.216993,-0.027192,0.002874,0.000000,0.727208,1.251998,66.790557
3.524628,442.999437,249.245235,-0.036108,0.005601,0.000000,0.640170,1.424567,66.663655
3.555022,450.599430,251.269770,-0.040190,0.006221,0.000000,0.528506,1.639432,66.534684
3.585415,458.260886,253.290564,-0.038945,0.004705,0.000000,0.407035,1.860121,66.404164
3.615809,465.983686,255.307537,-0.032782,0.001385,0.000000,0.292100,2.049504,66.271937
3.646203,473.767708,257.320605,-0.022939,-0.003107,0.000000,0.198701,2.176337,66.139581
3.678981,482.230746,259.487131,-0.010336,-0.008317,0.000000,0.134797,2.220244,65.997989
3.705795,489.206774,261.256030,-0.000330,-0.012117,0.000000,0.115195,2.180544,65.882797
3.732610,496.230172,263.021780,0.007902,-0.014943,0.000000,0.123801,2.080522,65.767475
3.759424,503.300858,264.784340,0.013260,-0.016434,0.000000,0.155300,1.936404,65.652513
3.786238,510.418748,266.543683,0.015077,-0.016427,0.000000,0.201119,1.770560,65.537224
3.813052,517.583759,268.299783,0.013219,-0.014980,0.000000,0.250692,1.608298,65.420459
3.839867,524.795809,270.052614,0.008101,-0.012366,0.000000,0.293031,1.474005,65.301627
3.870788,533.170739,272.068960,-0.000645,-0.008488,0.000000,0.320014,1.378340,65.098793
3.901709,541.607915,274.078616,-0.010560,-0.004498,0.000000,0.314369,1.362597,64.863207
3.927466,548.683269,275.746809,-0.018163,-0.001700,0.000000,0.282650,1.410805,64.662732
3.953223,555.801520,277.409711,-0.023989,0.000386,0.000000,0.203989,1.485117,64.457904
3.978979,562.962529,279.067392,-0.027185,0.002393,0.000000,0.081638,1.567532,64.248726
4.004736,570.166160,280.719759,-0.027318,0.004931,0.000000,-0.037978,1.669039,64.035748
4.025463,575.993905,282.045456,-0.025259,0.007262,0.000000,-0.118986,1.756114,63.862360
4.046190,581.849085,283.367558,-0.021571,0.009450,0.000000,-0.177116,1.840731,63.687413
4.066917,587.731625,284.686064,-0.016695,0.011187,0.000000,-0.207849,1.915322,63.510752
4.087644,593.641448,286.000955,-0.011166,0.012348,0.000000,-0.210211,1.972954,63.332508
4.108371,599.578480,287.312191,-0.005563,0.012908,0.000000,-0.185287,2.009226,63.153296
4.129098,605.542643,288.619732,-0.000460,0.012853,0.000000,-0.135998,2.022826,62.973175
4.152035,612.174345,290.062361,0.004002,0.012096,0.000000,-0.059917,2.012414,62.772360
4.174972,618.839072,291.500383,0.006732,0.010700,0.000000,0.028531,1.979081,62.569783
4.197909,625.536717,292.933751,0.007457,0.008860,0.000000,0.117146,1.929246,62.365754
4.220846,632.267173,294.362415,0.006172,0.006837,0.000000,0.194071,1.871285,62.160106
4.243783,639.030333,295.786318,0.003135,0.004914,0.000000,0.249448,1.814496,61.952086
4.266721,645.826086,297.205403,-0.001174,0.003342,0.000000,0.276661,1.767835,61.741801
4.289658,652.654322,298.619617,-0.006124,0.002312,0.000000,0.273041,1.738623,61.529346
4.312595,659.514930,300.028909,-0.011024,0.001935,0.000000,0.240126,1.731548,61.314148
4.335532,666.407796,301.433229,-0.015218,0.002229,0.000000,0.183342,1.748141,61.096362
4.358469,673.332805,302.832529,-0.018174,0.003122,0.000000,0.111195,1.786623,60.876200
4.381406,680.289843,304.226795,-0.019548,0.004463,0.000000,0.034029,1.842309,60.656140
4.404344,687.278796,305.616350,-0.019231,0.006046,0.000000,-0.037466,1.909044,60.464705
4.427281,694.299558,307.001484,-0.017350,0.007640,0.000000,-0.093764,1.977827,60.271897
4.450218,701.352018,308.381313,-0.014241,0.009019,0.000000,-0.127462,2.036896,59.990186
4.473155,708.436037,309.754213,-0.010404,0.009998,0.000000,-0.135457,2.081790,59.644730
4.496092,715.551442,311.118859,-0.006428,0.010463,0.000000,-0.117679,2.107506,59.270178
4.519030,722.698027,312.473878,-0.002890,0.010375,0.000000,-0.078088,2.110422,58.814957
4.546980,731.448422,314.111018,0.000150,0.009591,0.000000,-0.010491,2.087923,58.257341
4.574930,740.244323,315.731646,0.001279,0.008266,0.000000,0.063201,2.042130,57.646004
4.602881,749.085261,317.335170,0.000366,0.006716,0.000000,0.126495,1.985797,57.032112
4.626029,756.440887,318.650111,-0.001729,0.005513,0.000000,0.160982,1.940561,56.521641
4.649177,763.826797,319.953195,-0.004637,0.004576,0.000000,0.174100,1.903981,56.009232
4.672325,771.242718,321.244397,-0.007863,0.004036,0.000000,0.164713,1.881260,55.494867
4.695473,778.688375,322.523671,-0.010892,0.003954,0.000000,0.135211,1.875166,54.978549
4.718621,786.163490,323.790971,-0.013263,0.004319,0.000000,0.091002,1.885695,54.460417
4.746211,795.111161,325.285778,-0.014792,0.005219,0.000000,0.029403,1.916130,53.840730
4.773801,804.099816,326.763482,-0.014684,0.006408,0.000000,-0.028753,1.958195,53.219145
4.801391,813.128981,328.224050,-0.013067,0.007602,0.000000,-0.071027,2.001411,52.596182
4.828981,822.198183,329.667460,-0.010402,0.008535,0.000000,-0.089222,2.035534,51.972413
4.856571,831.306947,331.093691,-0.007354,0.009014,0.000000,-0.080984,2.052824,51.348340
4.884161,840.454798,332.502733,-0.004640,0.008960,0.000000,-0.050069,2.049660,50.724288
4.911751,849.641261,333.894576,-0.002859,0.008420,0.000000,-0.005225,2.027203,50.100447
4.939341,858.865861,335.269213,-0.002364,0.007549,0.000000,0.042042,1.990922,49.476845
4.966931,868.128122,336.626640,-0.003188,0.006570,0.000000,0.080275,1.949128,48.853388
4.994521,877.427572,337.966852,-0.005056,0.005721,0.000000,0.100743,1.910907,48.230019
5.022111,886.763735,339.289851,-0.007462,0.005191,0.000000,0.099371,1.883935,47.606702
5.049701,896.136136,340.595643,-0.009804,0.005087,0.000000,0.077484,1.872728,46.983380
5.077291,905.544301,341.884237,-0.011532,0.005407,0.000000,0.041233,1.877721,46.360157
5.104881,914.987757,343.155655,-0.012272,0.006046,0.000000,-0.000118,1.895376,45.737603
5.132471,924.466028,344.409930,-0.011912,0.006832,0.000000,-0.036580,1.919220,45.116270
5.160061,933.978643,345.647093,-0.010611,0.007565,0.000000,-0.059898,1.941519,44.495427
5.187651,943.525128,346.867165,-0.008749,0.008071,0.000000,-0.065476,1.955300,43.875338
5.191934,945.009974,347.055018,-0.008443,0.008120,-0.000000,-0.064651,1.956290,43.779267
5.196217,946.495622,347.242460,-0.008137,0.008160,-0.000000,-0.063402,1.956944,43.683248
5.196528,946.603691,347.256074,-0.008115,0.008163,-0.000000,-0.063294,1.956978,43.676280
5.196839,946.711764,347.269685,-0.008093,0.008166,-0.000000,-0.063183,1.957009,43.669295
5.197462,946.927918,347.296904,-0.008049,0.008170,-0.000000,-0.062958,1.957069,43.655331
5.198085,947.144090,347.324113,-0.008004,0.008175,-0.000000,-0.062724,1.957123,43.641390
5.198708,947.360278,347.351315,-0.007960,0.008180,-0.000000,-0.062482,1.957168,43.627432
5.199083,947.490332,347.367671,-0.007934,0.008182,-0.000000,-0.062331,1.957191,43.619038
5.199457,947.620393,347.384024,-0.007907,0.008185,-0.000000,-0.062177,1.957211,43.610639
5.199588,947.665605,347.389709,-0.007898,0.008186,-0.000000,-0.062123,1.957217,43.607720
5.199718,947.710818,347.395393,-0.007889,0.008187,-0.000000,-0.062068,1.957224,43.604804
5.199978,947.801245,347.406760,-0.007870,0.008189,-0.000000,-0.061959,1.957236,43.598979
5.199984,947.803053,347.406987,-0.007870,0.008189,-0.000000,-0.061957,1.957236,43.598854
5.199989,947.804862,347.407214,-0.007870,0.008189,-0.000000,-0.061954,1.957236,43.598731
5.199994,947.806670,347.407442,-0.007869,0.008189,-0.000000,-0.061952,1.957236,43.598621
5.199996,947.807336,347.407525,-0.007869,0.008189,-0.000000,-0.061951,1.957236,43.598577
5.199998,947.808002,347.407609,-0.007869,0.008189,-0.000000,-0.061951,1.957236,43.598531
5.200002,947.809334,347.407459,-0.007869,0.008189,-0.000000,-0.051270,-1.058217,-39.065472
5.200011,947.812568,347.407095,-0.007868,0.008189,-0.000000,-0.051266,-1.058212,-39.065312
5.200020,947.815803,347.406731,-0.007867,0.008189,-0.000000,-0.051262,-1.058207,-39.065151
5.200113,947.848151,347.403090,-0.007861,0.008189,-0.000000,-0.051223,-1.058157,-39.063544
5.200207,947.880498,347.399449,-0.007854,0.008190,-0.000000,-0.051183,-1.058107,-39.061938
5.200300,947.912844,347.395809,-0.007848,0.008191,-0.000000,-0.051143,-1.058057,-39.060332
5.201232,948.236292,347.359411,-0.007782,0.008197,-0.000000,-0.050738,-1.057565,-39.044276
5.202163,948.559707,347.323029,-0.007717,0.008202,-0.000000,-0.050318,-1.057087,-39.028231
5.203095,948.883087,347.286661,-0.007653,0.008208,-0.000000,-0.049884,-1.056621,-39.012197
5.212413,952.115031,346.923805,-0.007024,0.008238,-0.000000,-0.044843,-1.052669,-38.852479
5.221731,955.343602,346.562433,-0.006440,0.008228,-0.000000,-0.038626,-1.049978,-38.693875
5.231048,958.568814,346.202534,-0.005917,0.008179,-0.000000,-0.031446,-1.048498,-38.536376
5.246677,963.970960,345.602152,-0.005210,0.008019,-0.000000,-0.017950,-1.048452,-38.274661
5.262306,969.363758,345.005836,-0.004751,0.007778,-0.000000,-0.003557,-1.050975,-38.015999
5.277935,974.747270,344.413537,-0.004563,0.007478,-0.000000,0.010598,-1.055349,-37.760364
5.302726,983.267943,343.482121,-0.004803,0.006955,-0.000000,0.029847,-1.063851,-37.361027
5.327516,991.765653,342.560504,-0.005604,0.006459,-0.000000,0.042757,-1.071646,-36.969177
5.352307,1000.240641,341.648502,-0.006776,0.006077,-0.000000,0.047675,-1.076029,-36.584723
5.386328,1011.834166,340.412325,-0.008596,0.005835,-0.000000,0.041436,-1.073614,-36.068968
5.420348,1023.385964,339.193445,-0.010048,0.005979,-0.000000,0.023493,-1.059566,-35.566539
5.454368,1034.896596,337.991441,-0.010701,0.006424,-0.000000,0.001232,-1.036502,-35.076917
5.488388,1046.366630,336.805894,-0.010394,0.007006,-0.000000,-0.017513,-1.009381,-34.599499
5.501225,1050.683906,336.362771,-0.010056,0.007216,-0.000000,-0.022157,-0.999466,-34.422399
5.514061,1054.995511,335.921914,-0.009626,0.007405,-0.000000,-0.025160,-0.990187,-34.246910
5.526897,1059.301473,335.483302,-0.009133,0.007563,-0.000000,-0.026417,-0.981834,-34.072998
5.541119,1064.065894,334.999918,-0.008547,0.007696,-0.000000,-0.025784,-0.973895,-33.882113
5.555341,1068.823461,334.519239,-0.007955,0.007777,-0.000000,-0.023149,-0.967498,-33.693095
5.569563,1073.574212,334.041236,-0.007394,0.007806,-0.000000,-0.018755,-0.962712,-33.505914
5.579768,1076.978720,333.699902,-0.007028,0.007794,-0.000000,-0.014689,-0.960263,-33.372728
5.589972,1080.379752,333.359924,-0.006705,0.007756,-0.000000,-0.010031,-0.958596,-33.240466
5.600177,1083.777322,333.021290,-0.006434,0.007695,-0.000000,-0.004944,-0.957647,-33.109121
5.618294,1089.800718,332.423370,-0.006122,0.007553,-0.000000,0.003709,-0.952720,-32.879333
5.636410,1095.813323,331.829561,-0.005848,0.007250,-0.000000,0.008516,-0.928451,-32.656073
5.654527,1101.815208,331.239787,-0.005432,0.006682,-0.000000,0.012846,-0.907668,-32.435438
5.658893,1103.260001,331.098257,-0.005315,0.006512,-0.000000,0.013778,-0.903294,-32.382650
5.663259,1104.704177,330.956957,-0.005192,0.006330,-0.000000,0.014654,-0.899203,-32.330007
5.667624,1106.147736,330.815887,-0.005066,0.006140,-0.000000,0.015470,-0.895407,-32.277509
5.684578,1111.747329,330.270271,-0.004555,0.005341,-0.000000,0.017983,-0.883610,-32.075006
5.701531,1117.337702,329.728074,-0.004041,0.004496,-0.000000,0.019380,-0.876525,-31.874621
5.718484,1122.918915,329.189258,-0.003565,0.003675,-0.000000,0.019605,-0.873972,-31.676322
5.746463,1132.110366,328.307250,-0.002976,0.002579,-0.000000,0.017706,-0.877365,-31.353602
5.766280,1138.605666,327.687959,-0.002728,0.002048,0.000000,0.014944,-0.884123,-31.128449
5.786098,1145.088738,327.073092,-0.002647,0.001777,0.000000,0.011379,-0.892668,-30.906150
5.805915,1151.559672,326.462593,-0.002731,0.001778,0.000000,0.007407,-0.901359,-30.686722
5.833629,1160.588672,325.616083,-0.003099,0.002209,0.000000,0.001808,-0.911371,-30.384689
5.861342,1169.594318,324.777863,-0.003683,0.003051,-0.000000,-0.002812,-0.915284,-30.088304
5.889056,1178.576857,323.947770,-0.004356,0.004118,-0.000000,-0.005529,-0.910490,-29.797542
5.916769,1187.536515,323.125658,-0.004975,0.005183,-0.000000,-0.005894,-0.896555,-29.512295
5.951164,1198.624751,322.116233,-0.005481,0.006176,-0.000000,-0.003158,-0.868808,-29.165677
5.985559,1209.678487,321.118625,-0.005559,0.006524,-0.000000,0.002105,-0.835146,-28.826808
6.013701,1218.697302,320.310994,-0.005288,0.006242,0.000000,0.006889,-0.809227,-28.554902
6.041843,1227.693500,319.510973,-0.004806,0.005551,0.000000,0.010848,-0.789040,-28.287503
6.069985,1236.667294,318.718429,-0.004244,0.004643,0.000000,0.013085,-0.776845,-28.024398
6.098128,1245.618894,317.933235,-0.003739,0.003746,0.000000,0.013215,-0.772749,-27.765465
6.126270,1254.548503,317.155264,-0.003395,0.003061,-0.000000,0.011379,-0.775033,-27.510671
6.165555,1266.977555,316.081092,-0.003283,0.002671,-0.000000,0.006603,-0.783670,-27.161941
6.204840,1279.364685,315.020434,-0.003591,0.003012,-0.000000,0.001231,-0.790839,-26.821416
6.237498,1289.630528,314.148774,-0.004061,0.003723,-0.000000,-0.002074,-0.790351,-26.544634
6.270156,1299.868059,313.286058,-0.004567,0.004578,-0.000000,-0.003422,-0.781944,-26.273507
6.302814,1310.077569,312.432114,-0.004966,0.005323,-0.000000,-0.002606,-0.766195,-26.007877
6.335472,1320.259337,311.586621,-0.005157,0.005755,0.000000,-0.000090,-0.746261,-25.757332
6.368129,1330.413632,310.749059,-0.005108,0.005783,-0.000000,0.003232,-0.726035,-25.525415
6.400787,1340.540706,309.919035,-0.004857,0.005442,-0.000000,0.006341,-0.708448,-25.297433
6.433445,1350.640801,309.096355,-0.004492,0.004861,-0.000000,0.008396,-0.696024,-25.073157
6.466103,1360.714152,308.280817,-0.004121,0.004217,0.000000,0.008929,-0.690016,-24.859441
6.503727,1372.286425,307.348854,-0.003812,0.003620,0.000000,0.007671,-0.692208,-24.673912
6.541350,1383.823777,306.423965,-0.003721,0.003360,0.000000,0.004983,-0.698264,-24.491100
6.578974,1395.326468,305.505703,-0.003864,0.003500,0.000000,0.001871,-0.704120,-24.311069
6.616598,1406.794740,304.593808,-0.004178,0.003966,0.000000,-0.000606,-0.706752,-24.146748
6.654222,1418.228821,303.687437,-0.004546,0.004576,0.000000,-0.001681,-0.705242,-24.021453
6.700493,1432.244038,302.579336,-0.004890,0.005211,-0.000000,-0.000826,-0.695744,-23.869642
6.746763,1446.208156,301.478050,-0.004968,0.005436,-0.000000,0.001770,-0.681565,-23.720098
6.793033,1460.121496,300.384019,-0.004766,0.005177,-0.000000,0.004613,-0.667708,-23.553698
6.839304,1473.984406,299.297783,-0.004416,0.004612,0.000000,0.006201,-0.659830,-23.385409
6.885574,1487.797247,298.219417,-0.004112,0.004058,0.000000,0.005815,-0.659492,-23.219385
6.931845,1501.560379,297.148673,-0.004008,0.003795,0.000000,0.003825,-0.664027,-23.055678
6.978115,1515.274155,296.085335,-0.004143,0.003934,0.000000,0.001360,-0.668615,-22.894456
7.024386,1528.938916,295.029336,-0.004434,0.004374,0.000000,-0.000363,-0.669010,-22.735883
7.070656,1542.555001,293.980638,-0.004729,0.004875,-0.000000,-0.000638,-0.663557,-22.580004
7.123243,1557.971035,292.797528,-0.004892,0.005210,-0.000000,0.000741,-0.651939,-22.405981
7.175829,1573.325108,291.623513,-0.004805,0.005131,-0.000000,0.002816,-0.639598,-22.234971
7.228415,1588.617695,290.458409,-0.004555,0.004739,0.000000,0.004141,-0.631680,-22.066643
7.281002,1603.849259,289.302079,-0.004328,0.004329,0.000000,0.003918,-0.629925,-21.900838
7.333588,1619.020259,288.154400,-0.004277,0.004175,0.000000,0.002456,-0.631871,-21.737615
7.386175,1634.131146,287.015233,-0.004422,0.004354,0.000000,0.000828,-0.632988,-21.577145
7.438761,1649.182364,285.884426,-0.004652,0.004713,0.000000,0.000055,-0.629948,-21.419542
7.491348,1664.174350,284.761833,-0.004473,0.004510,0.000000,0.006584,-0.588949,-21.266058
7.543934,1679.107528,283.647323,-0.003280,0.002829,-0.000000,0.014829,-0.540636,-21.115299
7.580278,1689.394015,282.881726,-0.001875,0.000806,-0.000000,0.017180,-0.526091,-21.011581
7.616622,1699.652750,282.119900,-0.000465,-0.001241,-0.000000,0.016066,-0.530441,-20.908033
7.652965,1709.883867,281.361811,0.000489,-0.002642,-0.000000,0.012129,-0.549898,-20.804841
7.681809,1717.984086,280.762801,0.000756,-0.003050,-0.000000,0.008051,-0.570209,-20.723501
7.710652,1726.067065,280.166101,0.000595,-0.002842,-0.000000,0.004029,-0.589838,-20.642913
7.739496,1734.132869,279.571691,0.000089,-0.002133,-0.000000,0.000716,-0.605235,-20.563252
7.768340,1742.181566,278.979548,-0.000653,-0.001078,-0.000000,-0.001443,-0.614058,-20.484632
7.797183,1750.213220,278.389649,-0.001510,0.000149,-0.000000,-0.002186,-0.614996,-20.407112
7.826027,1758.227897,277.801972,-0.002348,0.001357,-0.000000,-0.001438,-0.607770,-20.330697
7.879720,1773.102431,276.713839,-0.003457,0.002970,-0.000000,0.003222,-0.576853,-20.191147
7.933413,1787.918754,275.633194,-0.003565,0.003149,-0.000000,0.009821,-0.536215,-20.054397
7.969788,1797.923221,274.905302,-0.003034,0.002396,-0.000000,0.013541,-0.513326,-19.962784
8.006162,1807.901274,274.180756,-0.002206,0.001207,-0.000000,0.015649,-0.499567,-19.871693
8.042537,1817.853035,273.459527,-0.001322,-0.000074,-0.000000,0.015809,-0.496584,-19.781016
8.078911,1827.778624,272.741582,-0.000611,-0.001113,-0.000000,0.014213,-0.503126,-19.690806
8.115286,1837.678160,272.026891,-0.000235,-0.001672,-0.000000,0.011472,-0.515700,-19.601236
8.156589,1848.887554,271.219269,-0.000290,-0.001615,-0.000000,0.008011,-0.531518,-19.500601
8.197892,1860.063681,270.415749,-0.000796,-0.000903,-0.000000,0.005316,-0.542788,-19.401415
8.239194,1871.206711,269.616277,-0.001564,0.000195,-0.000000,0.004223,-0.545083,-19.303894
8.280497,1882.316809,268.820800,-0.002342,0.001315,-0.000000,0.005005,-0.537112,-19.208085
8.321800,1893.394139,268.029264,-0.002895,0.002118,-0.000000,0.007345,-0.520806,-19.113871
8.372099,1906.840177,267.070575,-0.003064,0.002372,-0.000000,0.011221,-0.495742,-19.000945
8.411427,1917.319804,266.324964,-0.002781,0.001970,-0.000000,0.013984,-0.477962,-18.913706
8.450754,1927.770170,265.582422,-0.002246,0.001200,-0.000000,0.015760,-0.466969,-18.846754
8.490082,1938.191387,264.842400,-0.001634,0.000312,-0.000000,0.016186,-0.464001,-18.789494
8.529410,1948.583552,264.104594,-0.001125,-0.000436,0.000000,0.015328,-0.467964,-18.732239
8.568737,1958.946746,263.368957,-0.000851,-0.000848,0.000000,0.013611,-0.476393,-18.675119
8.617431,1971.737972,262.461160,-0.000906,-0.000791,0.000000,0.011186,-0.488091,-18.604847
8.655948,1981.824763,261.745511,-0.001222,-0.000346,0.000000,0.009763,-0.494397,-18.549830
8.694466,1991.884032,261.031984,-0.001671,0.000298,0.000000,0.009195,-0.495965,-18.495427
8.732983,2001.915863,260.320545,-0.002127,0.000959,0.000000,0.009606,-0.492277,-18.441660
8.771500,2011.920336,259.611168,-0.002477,0.001470,0.000000,0.010857,-0.484203,-18.388480
8.810018,2021.897527,258.903841,-0.002647,0.001721,-0.000000,0.012612,-0.473618,-18.335785
8.856844,2033.990444,258.046667,-0.002585,0.001635,-0.000000,0.014830,-0.460537,-18.272200
8.903671,2046.043295,257.192484,-0.002283,0.001194,-0.000000,0.016493,-0.450602,-18.208950
8.950498,2058.056217,256.341272,-0.001869,0.000584,-0.000000,0.017170,-0.445965,-18.145910
8.997324,2070.029351,255.493010,-0.001501,0.000034,0.000000,0.016808,-0.446757,-18.083068
9.044151,2081.962833,254.647677,-0.001305,-0.000268,0.000000,0.015716,-0.451239,-18.020514
9.103982,2097.152828,253.571820,-0.001376,-0.000183,0.000000,0.014064,-0.458042,-17.941233
9.149736,2108.725742,252.752252,-0.001644,0.000201,0.000000,0.013280,-0.460574,-17.881280
9.195491,2120.261222,251.935411,-0.001989,0.000703,0.000000,0.013262,-0.459074,-17.822000
9.241245,2131.759392,251.121271,-0.002295,0.001147,0.000000,0.014032,-0.453503,-17.763392
9.286999,2143.220376,250.309811,-0.002465,0.001394,0.000000,0.015338,-0.445219,-17.705379
9.332754,2154.644294,249.501010,-0.002459,0.001381,0.000000,0.016766,-0.436359,-17.647840
9.378508,2166.031266,248.694847,-0.002297,0.001140,0.000000,0.017915,-0.429018,-17.590655
9.424263,2177.381413,247.891304,-0.002047,0.000771,0.000000,0.018524,-0.424575,-17.533743
9.470017,2188.694854,247.090365,-0.001800,0.000405,0.000000,0.018537,-0.423341,-17.477082
9.520484,2201.131163,246.209924,-0.001623,0.000139,0.000000,0.018022,-0.424815,-17.414918
9.570951,2213.523117,245.332605,-0.001603,0.000100,0.000000,0.017281,-0.427453,-17.353200
9.621419,2225.870873,244.458380,-0.001737,0.000282,0.000000,0.016688,-0.429204,-17.292039
9.671886,2238.174588,243.587224,-0.001967,0.000602,0.000000,0.016518,-0.428554,-17.231512
9.722353,2250.434415,242.719109,-0.002204,0.000934,0.000000,0.016861,-0.425016,-17.171641
9.772820,2262.650507,241.854011,-0.002329,0.000859,-0.000000,0.028578,-0.405639,-17.113053
9.823287,2274.823013,240.991905,-0.002267,-0.000031,-0.000000,0.040206,-0.385659,-17.054975
9.873754,2286.952081,240.132768,-0.002030,-0.001676,0.000000,0.046358,-0.372930,-16.996981
9.912238,2296.171944,239.479618,-0.001783,-0.003103,0.000000,0.046052,-0.370309,-16.952687
9.950721,2305.366701,238.828172,-0.001540,-0.004326,0.000000,0.041720,-0.373641,-16.908342
9.989205,2314.536416,238.178418,-0.001351,-0.005105,0.000000,0.034700,-0.381244,-16.864037
10.027688,2323.681156,237.530348,-0.001252,-0.005321,0.000000,0.026767,-0.390729,-16.819906
10.066172,2332.800986,236.883950,-0.001256,-0.004984,0.000000,0.019648,-0.399636,-16.776080
10.124086,2346.478587,235.914317,-0.001434,-0.003687,0.000000,0.013301,-0.407651,-16.710925
10.181999,2360.100140,234.948413,-0.001733,-0.002038,0.000000,0.014244,-0.405647,-16.646908
10.225298,2370.247728,234.228686,-0.001952,-0.001022,0.000000,0.019099,-0.397950,-16.599252
10.268597,2380.364195,233.511032,-0.002116,-0.000425,0.000000,0.026026,-0.386850,-16.552085
10.311896,2390.449631,232.795440,-0.002198,-0.000311,0.000000,0.033420,-0.374593,-16.505316
10.355195,2400.504123,232.081894,-0.002194,-0.000646,-0.000000,0.039877,-0.363243,-16.458833
10.398494,2410.527758,231.370402,-0.002115,-0.001322,-0.000000,0.044377,-0.354291,-16.411196
10.441792,2420.520629,230.661108,-0.001985,-0.002180,-0.000000,0.046298,-0.348447,-16.357032
10.499364,2433.760065,229.721535,-0.001788,-0.003285,0.000000,0.044833,-0.346482,-16.285444
10.556936,2446.945516,228.786112,-0.001631,-0.003994,0.000000,0.039975,-0.349774,-16.214422
10.614508,2460.077220,227.854810,-0.001572,-0.004078,0.000000,0.034056,-0.355222,-16.144226
10.662215,2470.918184,227.086133,-0.001615,-0.003672,-0.000000,0.030218,-0.358714,-16.087002
10.709921,2481.722535,226.320157,-0.001726,-0.002979,-0.000000,0.028501,-0.359479,-16.030469
10.757628,2492.490403,225.556855,-0.001872,-0.002203,-0.000000,0.029318,-0.356728,-15.974659
10.805335,2503.221913,224.796206,-0.002017,-0.001550,0.000000,0.032374,-0.350678,-15.919555
10.853041,2513.917190,224.038183,-0.002126,-0.001171,0.000000,0.036834,-0.342389,-15.865352
10.913371,2527.390759,223.083299,-0.002183,-0.001174,0.000000,0.042832,-0.330959,-15.797662
10.962678,2538.359844,222.305925,-0.002158,-0.001543,0.000000,0.046649,-0.322836,-15.742879
11.011985,2549.290655,221.531256,-0.002082,-0.002112,0.000000,0.048695,-0.317068,-15.688508
11.061292,2560.183325,220.759265,-0.001984,-0.002716,0.000000,0.048778,-0.314101,-15.634705
11.110599,2571.037983,219.989917,-0.001892,-0.003201,0.000000,0.047212,-0.313627,-15.581388
11.159906,2581.854761,219.223185,-0.001833,-0.003458,-0.000000,0.044679,-0.314764,-15.528498
11.220910,2595.185421,218.278139,-0.001822,-0.003405,-0.000000,0.041422,-0.316717,-15.463728
11.281914,2608.458532,217.337007,-0.001881,-0.003007,-0.000000,0.039362,-0.317320,-15.399958
11.342918,2621.674331,216.399735,-0.001989,-0.002434,0.000000,0.039329,-0.315222,-15.337206
11.403923,2634.833053,215.466275,-0.002107,-0.001900,0.000000,0.041365,-0.310162,-15.275332
11.464927,2647.934927,214.536582,-0.002200,-0.001589,0.000000,0.044785,-0.302950,-15.214284
11.537011,2663.343574,213.442814,-0.002243,-0.001627,0.000000,0.049161,-0.293631,-15.143400
11.596738,2676.050939,212.540436,-0.002218,-0.001963,0.000000,0.051783,-0.287093,-15.085358
11.656464,2688.704490,211.641524,-0.002156,-0.002434,0.000000,0.052808,-0.282724,-15.027857
11.716191,2701.304433,210.746036,-0.002086,-0.002871,-0.000000,0.052219,-0.280709,-14.970963
11.775917,2713.850970,209.853928,-0.002035,-0.003134,-0.000000,0.050535,-0.280442,-14.914766
11.835644,2726.344303,208.965158,-0.002024,-0.003152,-0.000000,0.048570,-0.280818,-14.859155
11.895370,2738.784629,208.079688,-0.002058,-0.002942,-0.000000,0.047132,-0.280667,-14.804180
11.955097,2751.172144,207.197479,-0.002126,-0.002592,-0.000000,0.046772,-0.279132,-14.749987
12.014823,2763.507043,206.318491,-0.002209,-0.002223,-0.000000,0.047637,-0.275891,-14.696566
12.074549,2775.789515,205.442688,-0.002285,-0.001949,0.000000,0.049477,-0.271188,-14.643798
12.134276,2788.019749,204.570034,-0.002337,-0.001846,0.000000,0.051774,-0.265700,-14.591640
12.194002,2800.197931,203.700492,-0.002354,-0.001928,0.000000,0.053929,-0.260280,-14.540169
12.253729,2812.324244,202.834025,-0.002341,-0.002154,0.000000,0.055446,-0.255673,-14.489276
12.313455,2824.398870,201.970596,-0.002307,-0.002445,0.000000,0.056069,-0.252309,-14.438867
12.373182,2836.421989,201.110171,-0.002271,-0.002711,0.000000,0.055828,-0.250227,-14.388934
12.448636,2851.537833,200.027408,-0.002242,-0.002905,-0.000000,0.054723,-0.248905,-14.326703
12.524090,2866.572109,198.949314,-0.002250,-0.002881,-0.000000,0.053466,-0.248015,-14.265319
12.599545,2881.525167,197.875824,-0.002298,-0.002669,-0.000000,0.052799,-0.246462,-14.204781
12.674999,2896.397351,196.806853,-0.002563,-0.002161,0.000000,0.052307,-0.257008,-14.145190
12.688058,2898.963154,196.622293,-0.002667,-0.002012,0.000000,0.052150,-0.261658,-14.134923
12.701118,2901.526546,196.437865,-0.002806,-0.001824,0.000000,0.052035,-0.266023,-14.124694
12.714177,2904.087529,196.253567,-0.002982,-0.001596,0.000000,0.051962,-0.270061,-14.114504
12.727236,2906.646105,196.069401,-0.003193,-0.001333,0.000000,0.051932,-0.273727,-14.104356
12.753354,2911.756043,195.701458,-0.003700,-0.000719,0.000000,0.051998,-0.279792,-14.084194
12.779473,2916.856372,195.334034,-0.004298,-0.000019,0.000000,0.052227,-0.283961,-14.064222
12.805591,2921.947108,194.967127,-0.004952,0.000729,0.000000,0.052608,-0.286079,-14.044447
12.831709,2927.028263,194.600732,-0.005628,0.001485,0.000000,0.053119,-0.286102,-14.024872
12.874769,2935.384410,193.997790,-0.006701,0.002651,0.000000,0.054176,-0.281790,-13.993039
12.917829,2943.714612,193.396221,-0.007603,0.003588,0.000000,0.055385,-0.272797,-13.961781
12.960889,2952.018927,192.796011,-0.008226,0.004185,-0.000000,0.056591,-0.260575,-13.930937
13.003949,2960.297411,192.197148,-0.008509,0.004387,-0.000000,0.057657,-0.246896,-13.900413
13.047009,2968.550122,191.599622,-0.008441,0.004196,-0.000000,0.058474,-0.233553,-13.870105
13.097305,2978.156966,190.903375,-0.007966,0.003549,-0.000000,0.059029,-0.220508,-13.834856
13.147600,2987.728812,190.208924,-0.007185,0.002592,-0.000000,0.059130,-0.211983,-13.799725
13.197895,2997.265751,189.516253,-0.006263,0.001519,0.000000,0.058832,-0.208862,-13.764614
13.248191,3006.767870,188.825351,-0.005373,0.000524,0.000000,0.058253,-0.210986,-13.729489
13.298486,3016.235259,188.136207,-0.004666,-0.000231,0.000000,0.057545,-0.217357,-13.694400
13.348781,3025.668007,187.448808,-0.004248,-0.000639,-0.000000,0.056862,-0.226400,-13.659437
13.412363,3037.543182,186.582295,-0.004206,-0.000599,-0.000000,0.056245,-0.238763,-13.615669
13.475945,3049.363312,185.718517,-0.004671,-0.000007,-0.000000,0.056064,-0.248802,-13.572498
13.539527,3061.128574,184.857443,-0.005484,0.000934,-0.000000,0.056366,-0.253874,-13.530051
13.603109,3072.839139,183.999039,-0.006410,0.001953,-0.000000,0.057068,-0.252922,-13.488388
13.666691,3084.495174,183.143273,-0.007215,0.002791,-0.000000,0.057994,-0.246561,-13.447559
13.730272,3096.096845,182.290110,-0.007718,0.003262,-0.000000,0.058933,-0.236679,-13.407387
13.793854,3107.644314,181.439520,-0.007838,0.003292,-0.000000,0.059699,-0.225786,-13.367703
13.857436,3119.137743,180.591475,-0.007594,0.002924,-0.000000,0.060164,-0.216317,-13.328355
13.921018,3130.577289,179.745949,-0.007090,0.002288,-0.000000,0.060286,-0.210079,-13.289301
14.003328,3145.306618,178.655074,-0.006295,0.001353,-0.000000,0.060004,-0.208076,-13.238984
14.071132,3157.372633,177.759561,-0.005747,0.000742,-0.000000,0.059559,-0.211041,-13.197739
14.138935,3169.377974,176.866820,-0.005453,0.000438,-0.000000,0.059105,-0.216589,-13.156950
14.206739,3181.322828,175.976799,-0.005471,0.000490,-0.000000,0.058799,-0.222729,-13.117235
14.274543,3193.207377,175.089442,-0.005773,0.000850,-0.000000,0.058723,-0.227504,-13.078005
14.342346,3205.031803,174.204712,-0.006264,0.001400,-0.000000,0.058897,-0.229582,-13.039342
14.410150,3216.796281,173.322585,-0.006811,0.001989,-0.000000,0.059283,-0.228483,-13.001364
14.477954,3228.500988,172.443026,-0.007288,0.002472,-0.000000,0.059791,-0.224564,-12.964098
14.545757,3240.146094,171.565999,-0.007596,0.002750,-0.000000,0.060310,-0.218804,-12.927337
14.613561,3251.731769,170.691473,-0.007689,0.002781,-0.000000,0.060741,-0.212505,-12.890994
14.689290,3264.601592,169.717651,-0.007553,0.002550,-0.000000,0.061034,-0.206380,-12.850848
14.765019,3277.397717,168.746883,-0.007243,0.002139,-0.000000,0.061097,-0.202454,-12.811065
14.840748,3290.120372,167.779134,-0.006881,0.001692,-0.000000,0.060962,-0.201231,-12.771553
14.916477,3302.769783,166.814373,-0.006588,0.001343,-0.000000,0.060713,-0.202379,-12.732332
14.992206,3315.346176,165.852566,-0.006452,0.001184,-0.000000,0.060454,-0.204950,-12.693536
15.067934,3327.849773,164.893681,-0.006506,0.001243,-0.000000,0.060275,-0.207734,-12.655151
15.143663,3340.280795,163.937682,-0.006728,0.001484,-0.000000,0.060230,-0.209637,-12.617246
15.219392,3352.639457,162.984536,-0.007056,0.001830,-0.000000,0.060329,-0.209953,-12.579912
15.295121,3364.925976,162.034207,-0.007407,0.002183,-0.000000,0.060541,-0.208479,-12.543153
15.380918,3378.758959,160.960899,-0.007733,0.002486,-0.000000,0.060841,-0.205008,-12.502125
15.466714,3392.499913,159.891113,-0.007913,0.002612,-0.000000,0.061115,-0.200535,-12.461707
15.552510,3406.149136,158.824800,-0.007924,0.002548,-0.000000,0.061287,-0.196191,-12.421863
15.638306,3419.706922,157.761916,-0.007805,0.002345,-0.000000,0.061318,-0.192905,-12.382446
15.724103,3433.173560,156.702418,-0.007628,0.002090,-0.000000,0.061222,-0.191145,-12.343417
15.809899,3446.549337,155.646266,-0.007475,0.001877,-0.000000,0.061045,-0.190848,-12.304845
15.895695,3459.834539,154.593417,-0.007411,0.001773,-0.000000,0.060848,-0.191510,-12.266676
15.981492,3473.029445,153.543833,-0.007463,0.001802,-0.000000,0.060690,-0.192427,-12.228953
16.067288,3486.134333,152.497471,-0.007624,0.001949,-0.000000,0.060606,-0.192929,-12.191787
16.175560,3502.544271,151.181526,-0.007923,0.002228,-0.000000,0.060613,-0.192274,-12.145639
16.283833,3518.811825,149.870561,-0.008229,0.002496,-0.000000,0.060702,-0.190020,-12.100333
16.392105,3534.937528,148.564492,-0.008449,0.002652,-0.000000,0.060795,-0.186701,-12.055890
16.500378,3550.921899,147.263239,-0.008539,0.002661,-0.000000,0.060819,-0.183226,-12.012149
16.608650,3566.765453,145.966726,-0.008522,0.002556,-0.000000,0.060746,-0.180433,-11.969078
16.716923,3582.468691,144.674856,-0.008321,0.002489,-0.000000,0.055599,-0.177125,-11.927055
16.825195,3598.032110,143.387521,-0.007763,0.002671,-0.000000,0.049197,-0.174377,-11.885752
16.911063,3610.275930,142.369740,-0.007063,0.003044,-0.000000,0.046602,-0.173332,-11.853343
16.996931,3622.432351,141.354744,-0.006353,0.003505,-0.000000,0.046911,-0.173206,-11.821170
17.082799,3634.501611,140.342521,-0.005878,0.003907,-0.000000,0.049834,-0.173699,-11.789254
17.168667,3646.483944,139.333055,-0.005789,0.004151,-0.000000,0.054043,-0.174281,-11.757706
17.183353,3648.524665,139.160673,-0.005810,0.004178,0.000000,0.054749,-0.174342,-11.752355
17.198040,3650.562851,138.988371,-0.005840,0.004200,0.000000,0.055447,-0.174389,-11.747016
17.212726,3652.598503,138.816148,-0.005879,0.004218,-0.000000,0.056136,-0.174420,-11.741689
17.227413,3654.631623,138.644003,-0.005927,0.004231,-0.000000,0.056811,-0.174436,-11.736374
17.242099,3656.662211,138.471938,-0.005984,0.004240,-0.000000,0.057464,-0.174433,-11.731072
17.271472,3660.715798,138.128043,-0.006124,0.004242,0.000000,0.058691,-0.174369,-11.720508
17.300845,3664.759272,137.784462,-0.006292,0.004227,0.000000,0.059781,-0.174220,-11.709997
17.330218,3668.792643,137.441192,-0.006484,0.004195,0.000000,0.060703,-0.173982,-11.699541
17.359591,3672.815921,137.098231,-0.006695,0.004150,0.000000,0.061438,-0.173654,-11.689140
17.428535,3682.219692,136.294448,-0.007232,0.004000,0.000000,0.062365,-0.172543,-11.664959
17.497479,3691.568016,135.492339,-0.007769,0.003814,0.000000,0.062121,-0.171005,-11.641104
17.566422,3700.861007,134.691882,-0.008244,0.003626,0.000000,0.060790,-0.169145,-11.617535
17.635366,3710.098777,133.893057,-0.008603,0.003467,0.000000,0.058602,-0.167107,-11.594233
17.731026,3722.824999,132.787347,-0.008853,0.003340,0.000000,0.054751,-0.164273,-11.562320
17.826686,3735.445417,131.684694,-0.008803,0.003354,0.000000,0.050840,-0.161772,-11.530840
17.905125,3745.715125,130.782799,-0.008584,0.003471,0.000000,0.048283,-0.160169,-11.505283
17.983564,3755.914044,129.882917,-0.008277,0.003663,0.000000,0.046677,-0.159024,-11.479935
18.062003,3766.042330,128.985033,-0.007957,0.003896,0.000000,0.046136,-0.158297,-11.454836
18.140442,3776.100138,128.089132,-0.007697,0.004134,0.000000,0.046578,-0.157874,-11.429948
18.218882,3786.087621,127.195197,-0.007547,0.004346,0.000000,0.047773,-0.157613,-11.405289
18.322669,3799.194787,126.015375,-0.007566,0.004548,0.000000,0.049971,-0.157269,-11.373072
18.426456,3812.179445,124.838919,-0.007832,0.004636,0.000000,0.052128,-0.156654,-11.341363
18.530243,3825.041936,123.665779,-0.008284,0.004614,-0.000000,0.053551,-0.155579,-11.310167
18.634030,3837.782596,122.495899,-0.008819,0.004517,0.000000,0.053836,-0.154009,-11.279527
18.737817,3850.401755,121.329220,-0.009326,0.004396,0.000000,0.052931,-0.152044,-11.249418
18.841604,3862.899739,120.165688,-0.009712,0.004303,0.000000,0.051100,-0.149874,-11.219790
18.945391,3875.276865,119.005252,-0.009929,0.004277,0.000000,0.048807,-0.147723,-11.190638
19.049178,3887.533447,117.847866,-0.009979,0.004335,0.000000,0.046566,-0.145776,-11.161896
19.152965,3899.669796,116.693489,-0.009903,0.004473,0.000000,0.044805,-0.144144,-11.133521
19.256752,3911.686218,115.542085,-0.009770,0.004669,0.000000,0.043779,-0.142854,-11.105534
19.360539,3923.583012,114.393619,-0.009654,0.004890,0.000000,0.043534,-0.141844,-11.077897
19.479573,3937.080574,113.080015,-0.009618,0.005131,-0.000000,0.044029,-0.140888,-11.046643
19.598606,3950.421616,111.770177,-0.009736,0.005323,-0.000000,0.044977,-0.139966,-11.015922
19.717640,3963.606572,110.464047,-0.010015,0.005444,-0.000000,0.045923,-0.138903,-10.985716
19.836674,3976.635871,109.161565,-0.010418,0.005498,-0.000000,0.046486,-0.137601,-10.956070
19.955707,3989.509933,107.862665,-0.010878,0.005507,-0.000000,0.046441,-0.136041,-10.926980
20.074741,4002.229170,106.567284,-0.011329,0.005502,-0.000000,0.045760,-0.134277,-10.898417
20.193774,4014.793986,105.275358,-0.011714,0.005516,0.000000,0.044585,-0.132415,-10.870400
20.312808,4027.204780,103.986827,-0.012003,0.005572,0.000000,0.043160,-0.130565,-10.842859
20.450152,4041.333772,102.504238,-0.012221,0.005702,0.000000,0.041543,-0.128569,-10.811663
20.587495,4055.258820,101.026019,-0.012353,0.005900,0.000000,0.040273,-0.126799,-10.781053
20.724839,4068.980500,99.552097,-0.012459,0.006143,0.000000,0.039524,-0.125260,-10.751001
20.862183,4082.499380,98.082403,-0.012603,0.006402,0.000000,0.039289,-0.123898,-10.721520
20.999527,4095.816016,96.616868,-0.012833,0.006647,0.000000,0.039414,-0.122614,-10.692587
21.179386,4112.949927,94.703843,-0.013295,0.006921,0.000000,0.039763,-0.120909,-10.655595
21.359245,4129.739135,92.797667,-0.013915,0.007133,0.000000,0.039882,-0.119040,-10.619591
21.507734,4143.341178,91.228994,-0.014496,0.007277,0.000000,0.039580,-0.117340,-10.590631
21.656224,4156.709707,89.664785,-0.015083,0.007419,0.000000,0.038902,-0.115536,-10.562334
21.804713,4169.845344,88.104948,-0.015635,0.007585,0.000000,0.037955,-0.113701,-10.534694
21.953203,4182.748699,86.549399,-0.016136,0.007792,0.000000,0.036906,-0.111903,-10.507662
22.101692,4195.420368,84.998060,-0.016592,0.008046,0.000000,0.035919,-0.110199,-10.481240
22.250182,4207.860933,83.450855,-0.017029,0.008341,0.000000,0.035108,-0.108606,-10.455378
22.398671,4220.070965,81.907714,-0.017477,0.008669,0.000000,0.034519,-0.107124,-10.430100
22.547161,4232.051021,80.368571,-0.017967,0.009014,0.000000,0.034134,-0.105724,-10.405362
22.763029,4249.058062,78.138016,-0.018790,0.009528,-0.000000,0.033824,-0.103787,-10.370470
22.978897,4265.581846,75.915560,-0.019769,0.010041,-0.000000,0.033602,-0.101873,-10.336736
23.194765,4281.623945,73.701011,-0.020895,0.010551,-0.000000,0.033277,-0.099932,-10.304151
23.410633,4297.185876,71.494187,-0.022135,0.011076,-0.000000,0.032754,-0.097965,-10.272719
23.451355,4300.067834,71.078734,-0.022377,0.011180,-0.000000,0.032631,-0.097592,-10.266912
23.492077,4302.932766,70.663548,-0.022622,0.011285,-0.000000,0.032502,-0.097221,-10.261142
23.532799,4305.780681,70.248629,-0.022867,0.011387,-0.000000,0.032260,-0.096995,-10.255401
23.573522,4308.611590,69.833974,-0.023117,0.011498,-0.000000,0.031713,-0.097173,-10.249660
23.654966,4314.222439,69.005453,-0.023631,0.011788,-0.000000,0.030655,-0.097468,-10.238295
23.736411,4319.765384,68.177975,-0.024165,0.012166,-0.000000,0.029669,-0.097661,-10.227088
23.817855,4325.240491,67.351536,-0.024718,0.012622,-0.000000,0.028780,-0.097728,-10.216042
23.973053,4335.486056,65.779564,-0.025820,0.013661,-0.000000,0.027412,-0.097475,-10.195464
24.088437,4342.944124,64.613255,-0.026676,0.014531,-0.000000,0.026713,-0.096927,-10.180548
24.203822,4350.266653,63.448978,-0.027560,0.015437,-0.000000,0.026290,-0.096083,-10.165961
24.319206,4357.453839,62.286718,-0.028470,0.016339,-0.000000,0.026117,-0.094993,-10.151702
24.434591,4364.505871,61.126465,-0.029408,0.017205,-0.000000,0.026150,-0.093715,-10.137746
24.562909,4372.189877,59.838500,-0.030485,0.018100,-0.000000,0.026363,-0.092165,-10.122580
24.691227,4379.707209,58.552994,-0.031602,0.018906,-0.000000,0.026688,-0.090574,-10.107767
24.819545,4387.058110,57.269938,-0.032767,0.019621,-0.000000,0.027047,-0.089033,-10.093280
24.947863,4394.242819,55.989328,-0.033986,0.020259,-0.000000,0.027378,-0.087618,-10.079125
25.076181,4401.261569,54.711161,-0.035267,0.020838,-0.000000,0.027638,-0.086372,-10.065269
25.240896,4410.028278,53.074033,-0.037016,0.021536,0.000000,0.027826,-0.085064,-10.047918
25.405612,4418.522377,51.440954,-0.038896,0.022232,0.000000,0.027831,-0.084097,-10.031040
25.570327,4426.744321,49.811954,-0.040925,0.022980,0.000000,0.027661,-0.083456,-10.014625
25.735042,4434.694557,48.187080,-0.043118,0.023830,0.000000,0.027350,-0.083098,-9.998667
25.899757,4442.373518,46.566400,-0.045489,0.024819,0.000000,0.026942,-0.082969,-9.983161
26.116217,4452.053011,44.443120,-0.048900,0.026376,0.000000,0.026345,-0.083058,-9.963466
26.332676,4461.265665,42.327516,-0.052676,0.028256,0.000000,0.025773,-0.083346,-9.944542
26.549136,4470.012367,40.219963,-0.056851,0.030470,0.000000,0.025306,-0.083761,-9.926363
26.765596,4478.293968,38.120962,-0.061461,0.033014,0.000000,0.024995,-0.084272,-9.908913
26.982056,4486.111286,36.031171,-0.066550,0.035881,-0.000000,0.024859,-0.084875,-9.892154
27.225328,4494.343782,33.694596,-0.072899,0.039481,-0.000000,0.024913,-0.085683,-9.874090
27.468600,4501.991914,31.372378,-0.079983,0.043485,-0.000000,0.025162,-0.086662,-9.856783
27.711872,4509.056704,29.066725,-0.087882,0.047911,-0.000000,0.025570,-0.087837,-9.840154
27.955144,4515.539139,26.780657,-0.096679,0.052787,0.000000,0.026097,-0.089211,-9.824124
28.198416,4521.440166,24.518356,-0.106456,0.058151,0.000000,0.026703,-0.090765,-9.808618
28.476212,4527.468774,21.971725,-0.118925,0.064930,0.000000,0.027440,-0.092692,-9.791447
28.754007,4532.741769,19.476890,-0.132892,0.072469,0.000000,0.028175,-0.094678,-9.774734
29.031803,4537.260443,17.054252,-0.148459,0.080832,0.000000,0.028864,-0.096608,-9.758341
29.309598,4541.026063,14.736873,-0.165724,0.090080,0.000000,0.029492,-0.098429,-9.742043
29.587394,4544.039891,12.580142,-0.184809,0.100287,-0.000000,0.030103,-0.100269,-9.725425
29.817740,4545.969717,10.979411,-0.202151,0.109556,-0.000000,0.030684,-0.102084,-9.710763
30.048086,4547.384310,9.637941,-0.221099,0.119680,-0.000000,0.031477,-0.104628,-9.694327
30.225664,4548.123683,8.854543,-0.237034,0.128194,-0.000000,0.032338,-0.107419,-9.679495
30.403241,4548.557837,8.356984,-0.254427,0.137486,-0.000000,0.033482,-0.111148,-9.661726
30.567617,4548.688173,8.195377,-0.272158,0.146959,-0.000000,0.034798,-0.115443,-9.641647
30.571429,4548.688103,8.195232,-0.272590,0.147190,-0.000000,0.034832,-0.115551,-9.641132
30.577973,4548.687449,8.195367,-0.273338,0.147589,-0.000000,0.034888,-0.115735,-9.640242
30.584518,4548.686381,8.195987,-0.274088,0.147990,-0.000000,0.034945,-0.115921,-9.639345
30.597607,4548.683421,8.198682,-0.275595,0.148795,-0.000000,0.035061,-0.116297,-9.637528
30.610696,4548.678810,8.203312,-0.277115,0.149608,-0.000000,0.035177,-0.116676,-9.635682
30.623786,4548.672548,8.209875,-0.278648,0.150427,-0.000000,0.035294,-0.117058,-9.633806
30.745717,4548.534958,8.362272,-0.293603,0.158416,-0.000000,0.036413,-0.120693,-9.614804
30.867648,4548.254428,8.671208,-0.309908,0.167128,-0.000000,0.037508,-0.124230,-9.592825
30.989579,4547.831284,9.119683,-0.327763,0.176668,-0.000000,0.038446,-0.127219,-9.567644
31.111510,4547.265900,9.687132,-0.347365,0.187141,-0.000000,0.039047,-0.129057,-9.539191
31.278893,4546.258884,10.622055,-0.377447,0.203212,-0.000000,0.038914,-0.128325,-9.495093
31.446275,4544.985854,11.694715,-0.411533,0.221422,-0.000000,0.037057,-0.121769,-9.446295
31.613658,4543.448172,12.867740,-0.449817,0.241871,-0.000000,0.032770,-0.107024,-9.395102
31.781041,4541.647265,14.113658,-0.492241,0.264527,-0.000000,0.025426,-0.081993,-9.345102
31.948423,4539.584520,15.413182,-0.538431,0.289189,-0.000000,0.014669,-0.045489,-9.301215
32.071429,4537.902470,16.394640,-0.574359,0.308366,-0.000000,0.004630,-0.011497,-9.276352
32.096282,4537.546692,16.437093,-0.574359,0.308366,-0.000000,0.877755,-2.910913,-2.784652
32.121136,4537.189205,16.479804,-0.574359,0.308366,-0.000000,0.872630,-2.893511,-2.767440
32.170844,4536.470832,16.566218,-0.574359,0.308366,-0.000000,0.862510,-2.859136,-2.732920
32.220552,4535.745707,16.653505,-0.574359,0.308366,-0.000000,0.852594,-2.825438,-2.698421
32.270259,4535.013914,16.741558,-0.574359,0.308366,-0.000000,0.842872,-2.792385,-2.663954
32.659583,4529.061045,17.447095,-0.574359,0.308366,-0.000000,0.772491,-2.552656,-2.396073
33.048906,4522.745054,18.154932,-0.574359,0.308366,-0.000000,0.709991,-2.339098,-2.135285
33.438229,4516.105199,18.839057,-0.574359,0.308366,-0.000000,0.653130,-2.144299,-1.885998
33.827552,4509.179258,19.483445,-0.574359,0.308366,-0.000000,0.600567,-1.963847,-1.651853
34.437889,4497.829141,20.393913,-0.574359,0.308366,-0.000000,0.525121,-1.704344,-1.321125
35.048225,4485.985207,21.173212,-0.574359,0.308366,-0.000000,0.457051,-1.469870,-1.038837
35.658562,4473.752944,21.825302,-0.574359,0.308366,-0.000000,0.395896,-1.259046,-0.804671
36.268899,4461.219824,22.362114,-0.574359,0.308366,-0.000000,0.341430,-1.071213,-0.614889
37.041371,4445.036264,22.899913,-0.574359,0.308366,-0.000000,0.281668,-0.865095,-0.429528
37.813843,4428.593695,23.307918,-0.574359,0.308366,-0.000000,0.231415,-0.691789,-0.294046
38.586315,4411.972990,23.613702,-0.574359,0.308366,-0.000000,0.189657,-0.547818,-0.196941
39.358788,4395.233444,23.840714,-0.574359,0.308366,-0.000000,0.155283,-0.429346,-0.128235
40.131260,4378.416371,24.007451,-0.574359,0.308366,-0.000000,0.127182,-0.332537,-0.080179
40.952725,4360.479831,24.134710,-0.574359,0.308366,-0.000000,0.103031,-0.249377,-0.045184
41.774190,4342.512139,24.223333,-0.574359,0.308366,-0.000000,0.083723,-0.182931,-0.021711
42.595655,4324.529401,24.283229,-0.574359,0.308366,-0.000000,0.068331,-0.129996,-0.006077
43.417120,4306.542279,24.321725,-0.574359,0.308366,-0.000000,0.056086,-0.087910,0.004256
44.238585,4288.557900,24.344007,-0.574359,0.308366,-0.000000,0.041600,-0.061005,0.011517
44.906231,4273.946496,24.352636,-0.574359,0.308366,-0.000000,0.031738,-0.043739,0.015487
45.573877,4259.341964,24.354748,-0.574359,0.308366,-0.000000,0.023583,-0.029429,0.018251
46.241523,4244.745583,24.351730,-0.574359,0.308366,-0.000000,0.016824,-0.017594,0.020176
46.909169,4230.158173,24.344619,-0.574359,0.308366,-0.000000,0.011232,-0.007801,0.021500
47.604665,4214.972479,24.333812,-0.574359,0.308366,-0.000000,0.006416,0.000630,0.022440
48.300160,4199.797590,24.320174,-0.574359,0.308366,-0.000000,0.002468,0.007541,0.023054
48.995656,4184.633828,24.304305,-0.574359,0.308366,-0.000000,-0.000768,0.013203,0.023445
50.276882,4156.729210,24.270580,-0.574359,0.308366,-0.000000,-0.005239,0.021023,0.023788
51.558108,4128.863787,24.233091,-0.574359,0.308366,-0.000000,-0.008367,0.026488,0.023920
52.839333,4101.037607,24.193045,-0.574359,0.308366,-0.000000,-0.010540,0.030280,0.023926
54.120559,4073.250512,24.151243,-0.574359,0.308366,-0.000000,-0.012037,0.032887,0.023829
56.031928,4031.869531,24.087046,-0.574359,0.308366,-0.000000,-0.013450,0.035337,0.023638
57.943297,3990.575055,24.021847,-0.574359,0.308366,-0.000000,-0.014269,0.036749,0.023479
59.854666,3949.366188,23.956201,-0.574359,0.308366,-0.000000,-0.014731,0.037532,0.023301
61.766034,3908.242098,23.890441,-0.574359,0.308366,-0.000000,-0.014979,0.037942,0.023067
63.783388,3864.929027,23.821311,-0.574359,0.308366,-0.000000,-0.015116,0.038158,0.022834
69.188789,3749.327587,23.638517,-0.574359,0.308366,-0.000000,-0.015247,0.038320,0.022307
74.594191,3634.377801,23.459491,-0.574359,0.308366,-0.000000,-0.015191,0.038155,0.021827
75.932315,3606.021616,23.415774,-0.574359,0.308366,-0.000000,-0.015159,0.038082,0.021714
77.270439,3577.704383,23.372309,-0.574359,0.308366,-0.000000,-0.015128,0.038013,0.021599
78.059620,3561.022137,23.345376,-0.574359,0.308366,-0.000000,-0.020204,0.039635,0.022012
78.848801,3544.353688,23.316203,-0.574359,0.308366,-0.000000,-0.026995,0.041816,0.022521
79.637982,3527.699246,23.284880,-0.574359,0.308366,-0.000000,-0.032518,0.043585,0.022834
80.427163,3511.058977,23.251771,-0.574359,0.308366,-0.000000,-0.036944,0.044996,0.023004
81.216344,3494.432987,23.217258,-0.574359,0.308366,-0.000000,-0.040466,0.046113,0.023076
82.005525,3477.821332,23.181675,-0.574359,0.308366,-0.000000,-0.043258,0.046993,0.023085
83.094599,3454.920722,23.131205,-0.574359,0.308366,-0.000000,-0.046126,0.047886,0.023028
84.183673,3432.047419,23.079717,-0.574359,0.308366,-0.000000,-0.048167,0.048510,0.022934
85.272747,3409.201347,23.027671,-0.574359,0.308366,-0.000000,-0.049647,0.048951,0.022831
86.361821,3386.382385,22.975330,-0.574359,0.308366,-0.000000,-0.050726,0.049263,0.022727
87.719219,3357.979065,22.909914,-0.574359,0.308366,-0.000000,-0.051659,0.049518,0.022597
89.076617,3329.617391,22.844511,-0.574359,0.308366,-0.000000,-0.052273,0.049668,0.022465
90.434016,3301.297110,22.779278,-0.574359,0.308366,-0.000000,-0.052667,0.049748,0.022334
91.791414,3273.017979,22.714322,-0.574359,0.308366,-0.000000,-0.052912,0.049779,0.022202
94.110507,3224.798069,22.604169,-0.574359,0.308366,-0.000000,-0.053098,0.049759,0.021981
96.429600,3176.696383,22.495259,-0.574359,0.308366,-0.000000,-0.053130,0.049688,0.021765
98.748693,3128.711759,22.387712,-0.574359,0.308366,-0.000000,-0.053088,0.049594,0.021554
101.067785,3080.843057,22.281580,-0.574359,0.308366,-0.000000,-0.053010,0.049490,0.021346
104.722394,3005.640388,22.117246,-0.574359,0.308366,-0.000000,-0.052843,0.049312,0.021026
108.377003,2930.718565,21.956530,-0.574359,0.308366,-0.000000,-0.052658,0.049131,0.020715
108.996775,2918.040396,21.929636,-0.574359,0.308366,-0.000000,-0.052627,0.049100,0.020663
109.616546,2905.370161,21.902847,-0.574359,0.308366,-0.000000,-0.052596,0.049070,0.020611
110.236318,2892.707843,21.876162,-0.574359,0.308366,-0.000000,-0.052565,0.049039,0.020560
110.342246,2890.544451,21.871612,-0.574359,0.308366,-0.000000,-0.052559,0.049034,0.020551
110.448174,2888.381289,21.867074,-0.574359,0.308366,-0.000000,-0.052667,0.047167,0.020608
110.660031,2884.055662,21.858063,-0.574359,0.308366,-0.000000,-0.053035,0.040954,0.020807
110.871888,2879.730969,21.849154,-0.574359,0.308366,-0.000000,-0.053380,0.035110,0.020989
111.083745,2875.407218,21.840341,-0.574359,0.308366,-0.000000,-0.053704,0.029614,0.021155
111.694101,2862.955907,21.815440,-0.574359,0.308366,-0.000000,-0.054531,0.015510,0.021551
112.304457,2850.512613,21.791200,-0.574359,0.308366,-0.000000,-0.055218,0.003696,0.021838
112.914813,2838.077448,21.767543,-0.574359,0.308366,-0.000000,-0.055787,-0.006199,0.022038
113.955760,2816.888503,21.728390,-0.574359,0.308366,-0.000000,-0.056533,-0.019425,0.022223
114.996708,2795.723667,21.690507,-0.574359,0.308366,-0.000000,-0.057071,-0.029252,0.022294
116.037655,2774.582988,21.653716,-0.574359,0.308366,-0.000000,-0.057452,-0.036520,0.022288
117.078603,2753.466432,21.617870,-0.574359,0.308366,-0.000000,-0.057716,-0.041876,0.022231
118.753357,2719.543053,21.561922,-0.574359,0.308366,-0.000000,-0.057969,-0.047684,0.022092
120.428110,2685.681662,21.507798,-0.574359,0.308366,-0.000000,-0.058085,-0.051255,0.021942
122.102864,2651.881753,21.455239,-0.574359,0.308366,-0.000000,-0.058116,-0.053417,0.021780
123.777618,2618.142838,21.404068,-0.574359,0.308366,-0.000000,-0.058094,-0.054698,0.021604
125.679164,2579.908491,21.347541,-0.574359,0.308366,-0.000000,-0.058031,-0.055518,0.021414
127.580710,2541.751631,21.292600,-0.574359,0.308366,-0.000000,-0.057945,-0.055947,0.021244
129.482256,2503.671561,21.239151,-0.574359,0.308366,-0.000000,-0.057845,-0.056144,0.021076
131.383802,2465.667624,21.187135,-0.574359,0.308366,-0.000000,-0.057739,-0.056205,0.020896
133.362278,2426.206322,21.134532,-0.574359,0.308366,-0.000000,-0.057624,-0.056192,0.020716
135.340755,2386.826171,21.083472,-0.574359,0.308366,-0.000000,-0.057507,-0.056131,0.020549
137.319231,2347.526485,21.033930,-0.574359,0.308366,-0.000000,-0.057390,-0.056045,0.020389
138.390992,2326.270822,21.007715,-0.574359,0.308366,-0.000000,-0.057327,-0.055993,0.020300
139.462753,2305.038463,20.981935,-0.574359,0.308366,-0.000000,-0.057263,-0.055940,0.020209
140.534514,2283.829316,20.956595,-0.574359,0.308366,-0.000000,-0.057200,-0.055884,0.020119
141.521851,2264.311295,20.933640,-0.574359,0.308366,-0.000000,-0.057142,-0.055831,0.020038
142.509188,2244.812783,20.911110,-0.574359,0.308366,-0.000000,-0.053234,-0.050992,0.019886
143.496525,2225.333656,20.889075,-0.574359,0.308366,-0.000000,-0.044136,-0.039702,0.019692
144.164540,2212.165335,20.874401,-0.574359,0.308366,-0.000000,-0.039337,-0.033749,0.019629
144.832555,2199.005774,20.859837,-0.574359,0.308366,-0.000000,-0.035384,-0.028848,0.019586
145.500570,2185.854950,20.845351,-0.574359,0.308366,-0.000000,-0.032127,-0.024812,0.019551
146.845908,2159.396539,20.816350,-0.574359,0.308366,-0.000000,-0.027253,-0.018775,0.019488
148.191246,2132.973389,20.787518,-0.574359,0.308366,-0.000000,-0.023915,-0.014648,0.019414
149.536584,2106.585379,20.758837,-0.574359,0.308366,-0.000000,-0.021640,-0.011842,0.019331
150.881921,2080.232372,20.730305,-0.574359,0.308366,-0.000000,-0.020103,-0.009951,0.019245
152.774195,2043.224674,20.690415,-0.574359,0.308366,-0.000000,-0.018736,-0.008281,0.019116
154.666470,2006.285410,20.650807,-0.574359,0.308366,-0.000000,-0.017920,-0.007296,0.018979
156.558744,1969.414105,20.611488,-0.574359,0.308366,-0.000000,-0.017439,-0.006725,0.018842
158.451018,1932.610279,20.572463,-0.574359,0.308366,-0.000000,-0.017154,-0.006399,0.018707
160.427872,1894.232901,20.532005,-0.574359,0.308366,-0.000000,-0.016969,-0.006197,0.018568
162.404726,1855.928075,20.491861,-0.574359,0.308366,-0.000000,-0.016855,-0.006085,0.018428
164.381580,1817.695259,20.452031,-0.574359,0.308366,-0.000000,-0.016780,-0.006019,0.018290
166.458721,1777.599866,20.410516,-0.574359,0.308366,-0.000000,-0.016720,-0.005974,0.018146
168.535862,1737.582767,20.369345,-0.574359,0.308366,-0.000000,-0.016672,-0.005944,0.018006
170.613003,1697.643353,20.328512,-0.574359,0.308366,-0.000000,-0.016631,-0.005922,0.017867
172.974879,1652.322625,20.282022,-0.574359,0.308366,-0.000000,-0.016213,-0.003837,0.017712
173.565348,1641.007935,20.269542,-0.574359,0.308366,-0.000000,-0.013413,0.011511,0.017705
174.155818,1629.699420,20.255576,-0.574359,0.308366,-0.000000,-0.011056,0.024424,0.017718
174.746287,1618.397081,20.240352,-0.574359,0.308366,-0.000000,-0.009074,0.035270,0.017731
175.487151,1604.224722,20.219814,-0.574359,0.308366,-0.000000,-0.007025,0.046481,0.017735
176.228016,1590.062095,20.198003,-0.574359,0.308366,-0.000000,-0.005375,0.055490,0.017721
176.968880,1575.909194,20.175222,-0.574359,0.308366,-0.000000,-0.004048,0.062730,0.017692
178.187654,1552.647799,20.136223,-0.574359,0.308366,-0.000000,-0.002419,0.071588,0.017615
179.406428,1529.412578,20.096154,-0.574359,0.308366,-0.000000,-0.001268,0.077821,0.017525
180.625203,1506.203390,20.055545,-0.574359,0.308366,-0.000000,-0.000459,0.082170,0.017429
181.843977,1483.020075,20.014766,-0.574359,0.308366,-0.000000,0.000104,0.085174,0.017329
183.698539,1447.792226,19.953001,-0.574359,0.308366,-0.000000,0.000654,0.088049,0.017182
185.553102,1412.623489,19.892112,-0.574359,0.308366,-0.000000,0.000977,0.089684,0.017052
187.407664,1377.513375,19.832395,-0.574359,0.308366,-0.000000,0.001164,0.090570,0.016928
189.262227,1342.461427,19.774020,-0.574359,0.308366,-0.000000,0.001270,0.091009,0.016801
191.227094,1305.387671,19.713783,-0.574359,0.308366,-0.000000,0.001334,0.091212,0.016672
193.191960,1268.378321,19.655269,-0.574359,0.308366,-0.000000,0.001367,0.091245,0.016554
195.156827,1231.432907,19.598517,-0.574359,0.308366,-0.000000,0.001383,0.091190,0.016443
195.986834,1215.845379,19.575074,-0.574359,0.308366,-0.000000,0.001388,0.091153,0.016395
196.816842,1200.269139,19.551948,-0.574359,0.308366,-0.000000,0.001391,0.091112,0.016346
197.646849,1184.704161,19.529141,-0.574359,0.308366,-0.000000,0.001394,0.091065,0.016298
198.442981,1169.784987,19.507565,-0.574359,0.308366,-0.000000,0.001396,0.091016,0.016253
199.239113,1154.876115,19.486283,-0.574359,0.308366,-0.000000,0.001397,0.090964,0.016208
200.035245,1139.977516,19.465296,-0.574359,0.308366,-0.000000,0.001397,0.090910,0.016163
201.139474,1119.330224,19.436676,-0.574359,0.308366,-0.000000,0.001398,0.090832,0.016101
202.243703,1098.702565,19.408623,-0.574359,0.308366,-0.000000,0.001398,0.090751,0.016040
203.050409,1083.645242,19.388010,-0.574359,0.308366,-0.000000,0.000372,0.096430,0.016369
203.857116,1068.598708,19.365813,-0.574359,0.308366,-0.000000,-0.002732,0.113733,0.017401
204.663823,1053.563363,19.341528,-0.574359,0.308366,-0.000000,-0.005175,0.127335,0.017980
205.470530,1038.539612,19.315977,-0.574359,0.308366,-0.000000,-0.007096,0.138007,0.018265
206.277237,1023.527746,19.289830,-0.574359,0.308366,-0.000000,-0.008608,0.146394,0.018389
207.083944,1008.527861,19.263535,-0.574359,0.308366,-0.000000,-0.009799,0.152980,0.018417
208.367611,984.684090,19.222111,-0.574359,0.308366,-0.000000,-0.011177,0.160565,0.018345
209.651279,960.870602,19.182088,-0.574359,0.308366,-0.000000,-0.012129,0.165764,0.018236
210.934947,937.087160,19.143970,-0.574359,0.308366,-0.000000,-0.012779,0.169276,0.018113
212.218615,913.333482,19.108062,-0.574359,0.308366,-0.000000,-0.013217,0.171603,0.017970
214.024098,879.973886,19.061774,-0.574359,0.308366,-0.000000,-0.013602,0.173578,0.017784
215.829581,846.672328,19.020760,-0.574359,0.308366,-0.000000,-0.013821,0.174635,0.017637
217.635064,813.428223,18.985151,-0.574359,0.308366,-0.000000,-0.013940,0.175130,0.017502
218.371429,799.886006,18.972191,-0.574359,0.308366,-0.000000,-0.013970,0.175226,0.017442
218.477590,797.934506,18.970399,-0.574359,0.308366,-0.000000,-0.013973,0.175235,0.017433
218.583752,795.983202,18.968625,-0.574359,0.308366,-0.000000,-0.013976,0.175243,0.017425
218.796075,792.080987,18.965135,-0.574359,0.308366,-0.000000,-0.013983,0.175258,0.017408
219.008398,788.179556,18.961721,-0.574359,0.308366,-0.000000,-0.013988,0.175271,0.017391
219.220721,784.278909,18.958384,-0.574359,0.308366,-0.000000,-0.013994,0.175280,0.017374
219.871429,772.329451,18.948637,-0.574359,0.308366,-0.000000,-0.014007,0.175293,0.017325
219.873815,772.285914,18.838084,-0.574359,0.308366,-0.000000,-0.138330,1.731187,47.850224
219.876201,772.242646,18.729088,-0.574359,0.308366,-0.000000,-0.136628,1.709871,47.195276
219.880974,772.156639,18.514183,-0.574359,0.308366,-0.000000,-0.133298,1.668191,45.915038
219.885747,772.071679,18.305244,-0.574359,0.308366,-0.000000,-0.130095,1.628100,44.684472
219.890520,771.987738,18.102041,-0.574359,0.308366,-0.000000,-0.127013,1.589517,43.501043
219.913097,771.603706,17.212560,-0.574359,0.308366,-0.000000,-0.113899,1.425359,38.475900
219.935675,771.239285,16.426378,-0.574359,0.308366,-0.000000,-0.102819,1.286669,34.244508
219.958252,770.892339,15.727600,-0.574359,0.308366,-0.000000,-0.093372,1.168426,30.649059
219.980830,770.561036,15.103298,-0.574359,0.308366,-0.000000,-0.085251,1.066772,27.568551
220.014904,770.087200,14.279058,-0.574359,0.308366,-0.000000,-0.074987,0.938301,23.691868
220.048978,769.640950,13.572387,-0.574359,0.308366,-0.000000,-0.066600,0.833316,20.540631
220.083052,769.218625,12.961715,-0.574359,0.308366,-0.000000,-0.059655,0.746394,17.945683
220.117126,768.817174,12.430126,-0.574359,0.308366,-0.000000,-0.053836,0.673565,15.783520
220.151200,768.434082,11.964500,-0.574359,0.308366,-0.000000,-0.048911,0.611911,13.963593
220.210452,767.805522,11.282037,-0.574359,0.308366,-0.000000,-0.041972,0.525074,11.420827
220.269704,767.217261,10.727294,-0.574359,0.308366,-0.000000,-0.036571,0.457469,9.463043
220.328957,766.662286,10.270467,-0.574359,0.308366,-0.000000,-0.032274,0.403699,7.924176
220.388209,766.135224,9.890629,-0.574359,0.308366,-0.000000,-0.028798,0.360197,6.695009
220.447461,765.631746,9.572089,-0.574359,0.308366,-0.000000,-0.025943,0.324466,5.699371
220.506713,765.148323,9.302923,-0.574359,0.308366,-0.000000,-0.023567,0.294723,4.882988
220.603180,764.396959,8.947632,-0.574359,0.308366,-0.000000,-0.020465,0.255907,3.840194
220.699647,763.681519,8.670815,-0.574359,0.308366,-0.000000,-0.018058,0.225782,3.054972
220.796114,762.994635,8.452588,-0.574359,0.308366,-0.000000,-0.016147,0.201869,2.452572
220.892581,762.330684,8.278930,-0.574359,0.308366,-0.000000,-0.014601,0.182522,1.983494
220.989048,761.685267,8.139646,-0.574359,0.308366,-0.000000,-0.013330,0.166612,1.613697
221.085515,761.054925,8.027218,-0.574359,0.308366,-0.000000,-0.012270,0.153341,1.319224
221.240549,760.066744,7.889103,-0.574359,0.308366,-0.000000,-0.010897,0.136158,0.962066
221.395584,759.101854,7.789306,-0.574359,0.308366,-0.000000,-0.009823,0.122719,0.706750
221.550619,758.154126,7.716767,-0.574359,0.308366,-0.000000,-0.008965,0.111988,0.522194
221.705654,757.219068,7.663788,-0.574359,0.308366,-0.000000,-0.008269,0.103275,0.387547
221.860688,756.293388,7.624960,-0.574359,0.308366,-0.000000,-0.007696,0.096103,0.288563
222.084274,754.970209,7.586418,-0.574359,0.308366,-0.000000,-0.007034,0.087815,0.189370
222.307860,753.656699,7.561924,-0.574359,0.308366,-0.000000,-0.006518,0.081357,0.124984
222.531446,752.349519,7.546458,-0.574359,0.308366,-0.000000,-0.006111,0.076263,0.082871
222.755032,751.046510,7.536842,-0.574359,0.308366,-0.000000,-0.005788,0.072210,0.055167
222.978618,749.746300,7.531082,-0.574359,0.308366,-0.000000,-0.005528,0.068967,0.036959
223.270276,748.052963,7.527233,-0.574359,0.308366,-0.000000,-0.005265,0.065674,0.022253
223.561933,746.361539,7.525863,-0.574359,0.308366,-0.000000,-0.005067,0.063186,0.013682
223.853591,744.671267,7.525898,-0.574359,0.308366,-0.000000,-0.004916,0.061297,0.008604
224.145248,742.981757,7.526796,-0.574359,0.308366,-0.000000,-0.004801,0.059862,0.005665
224.454900,741.188552,7.528289,-0.574359,0.308366,-0.000000,-0.004709,0.058704,0.003878
224.764552,739.395753,7.530128,-0.574359,0.308366,-0.000000,-0.004640,0.057839,0.002932
225.074204,737.603241,7.532153,-0.574359,0.308366,-0.000000,-0.004588,0.057191,0.002417
225.383789,735.811340,7.534280,-0.574359,0.308366,-0.000000,-0.004549,0.056705,0.002115
225.693374,734.019638,7.536480,-0.574359,0.308366,-0.000000,-0.004520,0.056340,0.001937
226.002959,732.228120,7.538735,-0.574359,0.308366,-0.000000,-0.004498,0.056065,0.001835
226.312158,730.439015,7.541033,-0.574359,0.308366,-0.000000,-0.004481,0.055858,0.001777
226.621356,728.650079,7.543372,-0.574359,0.308366,-0.000000,-0.004469,0.055701,0.001744
226.930555,726.861310,7.545749,-0.574359,0.308366,-0.000000,-0.004459,0.055582,0.001725
227.331661,724.541083,7.548887,-0.574359,0.308366,-0.000000,-0.004450,0.055470,0.001712
227.732767,722.221132,7.552086,-0.574359,0.308366,-0.000000,-0.004444,0.055390,0.001706
228.133873,719.901455,7.555347,-0.574359,0.308366,-0.000000,-0.004439,0.055334,0.001703
228.753153,716.320575,7.560502,-0.574359,0.308366,-0.000000,-0.004435,0.055275,0.001700
229.372433,712.740346,7.565805,-0.574359,0.308366,-0.000000,-0.004432,0.055238,0.001698
229.991713,709.160768,7.571258,-0.574359,0.308366,-0.000000,-0.004430,0.055213,0.001697
233.605492,688.285239,7.606061,-0.574359,0.308366,-0.000000,-0.004422,0.055120,0.001689
237.219272,667.431757,7.645905,-0.574359,0.308366,-0.000000,-0.004418,0.055068,0.001682
240.833051,646.600237,7.690702,-0.574359,0.308366,-0.000000,-0.004414,0.055016,0.001675
247.536292,608.017497,7.786562,-0.574359,0.308366,-0.000000,-0.004406,0.054918,0.001662
254.239532,569.509463,7.898406,-0.574359,0.308366,-0.000000,-0.004397,0.054809,0.001649
255.161654,564.217968,7.915000,-0.574359,0.308366,-0.000000,-0.004396,0.054792,0.001647
256.083776,558.927874,7.931880,-0.574359,0.308366,-0.000000,-0.004395,0.054776,0.001646
257.005897,553.639179,7.949044,-0.574359,0.308366,-0.000000,-0.004394,0.054761,0.001644
257.124932,552.956577,7.951280,-0.574359,0.308366,-0.000000,-0.004393,0.054759,0.001644
257.243966,552.273998,7.953521,-0.574359,0.308366,-0.000000,-0.004393,0.054758,0.001643
257.363000,551.591442,7.955372,-0.574359,0.308366,-0.000000,-0.009963,0.050287,0.001686
257.551093,550.512947,7.957165,-0.574359,0.308366,-0.000000,-0.018804,0.043190,0.001768
257.739186,549.434515,7.957683,-0.574359,0.308366,-0.000000,-0.026314,0.037161,0.001848
257.927279,548.356148,7.957071,-0.574359,0.308366,-0.000000,-0.032645,0.032079,0.001919
258.342427,545.976285,7.952730,-0.574359,0.308366,-0.000000,-0.043486,0.023373,0.002035
258.757575,543.596768,7.945097,-0.574359,0.308366,-0.000000,-0.050864,0.017446,0.002096
259.172723,541.217608,7.935182,-0.574359,0.308366,-0.000000,-0.055813,0.013466,0.002120
259.786987,537.697999,7.917583,-0.574359,0.308366,-0.000000,-0.059969,0.010119,0.002110
260.401250,534.179184,7.898109,-0.574359,0.308366,-0.000000,-0.062014,0.008465,0.002080
261.015514,530.661165,7.877971,-0.574359,0.308366,-0.000000,-0.063199,0.007501,0.002063
261.629778,527.143936,7.857619,-0.574359,0.308366,-0.000000,-0.063992,0.006851,0.002060
262.486006,522.242545,7.829138,-0.574359,0.308366,-0.000000,-0.064703,0.006263,0.002063
263.342234,517.342670,7.800666,-0.574359,0.308366,-0.000000,-0.065104,0.005924,0.002064
264.198462,512.444309,7.772302,-0.574359,0.308366,-0.000000,-0.065291,0.005756,0.002062
266.382214,499.958198,7.701084,-0.574359,0.308366,-0.000000,-0.065447,0.005585,0.002055
268.565967,487.481885,7.631745,-0.574359,0.308366,-0.000000,-0.065378,0.005594,0.002048
270.749719,475.015338,7.564525,-0.574359,0.308366,-0.000000,-0.065288,0.005621,0.002041
275.117195,450.111543,7.436758,-0.574359,0.308366,-0.000000,-0.065163,0.005631,0.002029
279.484671,425.246436,7.318174,-0.574359,0.308366,-0.000000,-0.065059,0.005625,0.002016
283.852147,400.419788,7.209154,-0.574359,0.308366,-0.000000,-0.064959,0.005615,0.002004
293.070368,348.144695,7.012149,-0.574359,0.308366,-0.000000,-0.064752,0.005594,0.001978
302.288588,296.037819,6.862718,-0.574359,0.308366,-0.000000,-0.064544,0.005577,0.001953
311.506808,244.096890,6.763496,-0.574359,0.308366,-0.000000,-0.064337,0.005561,0.001928
320.725029,192.319797,6.716194,-0.574359,0.308366,-0.000000,-0.064134,0.005543,0.001904
334.392834,115.847413,6.742578,-0.574359,0.308366,-0.000000,-0.063839,0.005518,0.001869
339.939202,84.914963,6.785664,-0.574359,0.308366,-0.000000,-0.063721,0.005507,0.001856
345.485570,54.039547,6.846849,-0.574359,0.308366,-0.000000,-0.063603,0.005497,0.001842
346.521183,48.280823,6.860233,-0.574359,0.308366,-0.000000,-0.063582,0.005495,0.001839
347.025272,45.478453,6.866533,-0.574359,0.308366,-0.000000,-0.059554,0.004446,0.001786
347.357061,43.634186,6.869567,-0.574359,0.308366,-0.000000,-0.044669,0.000561,0.001605
347.664853,41.923467,6.871339,-0.574359,0.308366,-0.000000,-0.033903,-0.002248,0.001550
347.972646,40.212897,6.872155,-0.574359,0.308366,-0.000000,-0.025840,-0.004352,0.001550
348.280438,38.502474,6.872243,-0.574359,0.308366,-0.000000,-0.019805,-0.005927,0.001564
348.898850,35.066366,6.870914,-0.574359,0.308366,-0.000000,-0.011816,-0.008010,0.001592
349.517261,31.630865,6.868246,-0.574359,0.308366,-0.000000,-0.007487,-0.009139,0.001604
350.135672,28.195977,6.864885,-0.574359,0.308366,-0.000000,-0.005050,-0.009773,0.001606
350.754168,24.761237,6.861159,-0.574359,0.308366,-0.000000,-0.003621,-0.010144,0.001607
351.372664,21.327116,6.857220,-0.574359,0.308366,-0.000000,-0.002788,-0.010360,0.001610
351.991160,17.893612,6.853155,-0.574359,0.308366,-0.000000,-0.002311,-0.010482,0.001614
352.609630,14.460871,6.849020,-0.574359,0.308366,-0.000000,-0.002039,-0.010551,0.001614
353.228100,11.028747,6.844845,-0.574359,0.308366,-0.000000,-0.001882,-0.010590,0.001612
353.846569,7.597238,6.840652,-0.574359,0.308366,-0.000000,-0.001792,-0.010611,0.001609
354.465034,4.166374,6.836450,-0.574359,0.308366,-0.000000,-0.001740,-0.010623,0.001608
355.083499,0.736125,6.832246,-0.574359,0.308366,-0.000000,-0.001710,-0.010629,0.001608
355.216235,0.000000,6.831344,-0.574359,0.308366,-0.000000,-0.001706,-0.010630,0.001608
